key,seed,tag,bath,p,nS,dephase,d,eta,omega_c,Tmin,Tmax,nT,slope_loglog,fit_loglog_slope,r2,csv,png,json
drude_nS2_deph__seed_1,1,drude_nS2_deph,drude,3.0,2,1,12,0.2,50.0,0.02,0.5,20,1.0000000000000002,1.0000000000000002,1.0,C:\Users\axioma338\Documents\Теория всего\Черные дыры\Алгербра\Репозиторий\near-extremal-threshold\figures\qnm_markov_gap\drude_nS2_deph\gap_vs_T_drude_nS2_deph_seed_1.csv,C:\Users\axioma338\Documents\Теория всего\Черные дыры\Алгербра\Репозиторий\near-extremal-threshold\figures\qnm_markov_gap\drude_nS2_deph\gap_vs_T_drude_nS2_deph_seed_1.png,C:\Users\axioma338\Documents\Теория всего\Черные дыры\Алгербра\Репозиторий\near-extremal-threshold\figures\qnm_markov_gap\drude_nS2_deph\gap_vs_T_drude_nS2_deph_seed_1.json
drude_nS2_deph__seed_2,2,drude_nS2_deph,drude,3.0,2,1,12,0.2,50.0,0.02,0.5,20,1.0000000000000004,1.0000000000000004,1.0,C:\Users\axioma338\Documents\Теория всего\Черные дыры\Алгербра\Репозиторий\near-extremal-threshold\figures\qnm_markov_gap\drude_nS2_deph\gap_vs_T_drude_nS2_deph_seed_2.csv,C:\Users\axioma338\Documents\Теория всего\Черные дыры\Алгербра\Репозиторий\near-extremal-threshold\figures\qnm_markov_gap\drude_nS2_deph\gap_vs_T_drude_nS2_deph_seed_2.png,C:\Users\axioma338\Documents\Теория всего\Черные дыры\Алгербра\Репозиторий\near-extremal-threshold\figures\qnm_markov_gap\drude_nS2_deph\gap_vs_T_drude_nS2_deph_seed_2.json
drude_nS2_deph__seed_3,3,drude_nS2_deph,drude,3.0,2,1,12,0.2,50.0,0.02,0.5,20,1.000000000000001,1.000000000000001,1.0,C:\Users\axioma338\Documents\Теория всего\Черные дыры\Алгербра\Репозиторий\near-extremal-threshold\figures\qnm_markov_gap\drude_nS2_deph\gap_vs_T_drude_nS2_deph_seed_3.csv,C:\Users\axioma338\Documents\Теория всего\Черные дыры\Алгербра\Репозиторий\near-extremal-threshold\figures\qnm_markov_gap\drude_nS2_deph\gap_vs_T_drude_nS2_deph_seed_3.png,C:\Users\axioma338\Documents\Теория всего\Черные дыры\Алгербра\Репозиторий\near-extremal-threshold\figures\qnm_markov_gap\drude_nS2_deph\gap_vs_T_drude_nS2_deph_seed_3.json
drude_nS2_deph__seed_4,4,drude_nS2_deph,drude,3.0,2,1,12,0.2,50.0,0.02,0.5,20,1.0000000000000013,1.0000000000000013,1.0,C:\Users\axioma338\Documents\Теория всего\Черные дыры\Алгербра\Репозиторий\near-extremal-threshold\figures\qnm_markov_gap\drude_nS2_deph\gap_vs_T_drude_nS2_deph_seed_4.csv,C:\Users\axioma338\Documents\Теория всего\Черные дыры\Алгербра\Репозиторий\near-extremal-threshold\figures\qnm_markov_gap\drude_nS2_deph\gap_vs_T_drude_nS2_deph_seed_4.png,C:\Users\axioma338\Documents\Теория всего\Черные дыры\Алгербра\Репозиторий\near-extremal-threshold\figures\qnm_markov_gap\drude_nS2_deph\gap_vs_T_drude_nS2_deph_seed_4.json
drude_nS2_deph__seed_5,5,drude_nS2_deph,drude,3.0,2,1,12,0.2,50.0,0.02,0.5,20,1.0000000000000009,1.0000000000000009,1.0,C:\Users\axioma338\Documents\Теория всего\Черные дыры\Алгербра\Репозиторий\near-extremal-threshold\figures\qnm_markov_gap\drude_nS2_deph\gap_vs_T_drude_nS2_deph_seed_5.csv,C:\Users\axioma338\Documents\Теория всего\Черные дыры\Алгербра\Репозиторий\near-extremal-threshold\figures\qnm_markov_gap\drude_nS2_deph\gap_vs_T_drude_nS2_deph_seed_5.png,C:\Users\axioma338\Documents\Теория всего\Черные дыры\Алгербра\Репозиторий\near-extremal-threshold\figures\qnm_markov_gap\drude_nS2_deph\gap_vs_T_drude_nS2_deph_seed_5.json
drude_nS2_deph__seed_6,6,drude_nS2_deph,drude,3.0,2,1,12,0.2,50.0,0.02,0.5,20,1.0000000000000009,1.0000000000000009,1.0,C:\Users\axioma338\Documents\Теория всего\Черные дыры\Алгербра\Репозиторий\near-extremal-threshold\figures\qnm_markov_gap\drude_nS2_deph\gap_vs_T_drude_nS2_deph_seed_6.csv,C:\Users\axioma338\Documents\Теория всего\Черные дыры\Алгербра\Репозиторий\near-extremal-threshold\figures\qnm_markov_gap\drude_nS2_deph\gap_vs_T_drude_nS2_deph_seed_6.png,C:\Users\axioma338\Documents\Теория всего\Черные дыры\Алгербра\Репозиторий\near-extremal-threshold\figures\qnm_markov_gap\drude_nS2_deph\gap_vs_T_drude_nS2_deph_seed_6.json
drude_nS2_deph__seed_7,7,drude_nS2_deph,drude,3.0,2,1,12,0.2,50.0,0.02,0.5,20,1.0000000000000013,1.0000000000000013,1.0,C:\Users\axioma338\Documents\Теория всего\Черные дыры\Алгербра\Репозиторий\near-extremal-threshold\figures\qnm_markov_gap\drude_nS2_deph\gap_vs_T_drude_nS2_deph_seed_7.csv,C:\Users\axioma338\Documents\Теория всего\Черные дыры\Алгербра\Репозиторий\near-extremal-threshold\figures\qnm_markov_gap\drude_nS2_deph\gap_vs_T_drude_nS2_deph_seed_7.png,C:\Users\axioma338\Documents\Теория всего\Черные дыры\Алгербра\Репозиторий\near-extremal-threshold\figures\qnm_markov_gap\drude_nS2_deph\gap_vs_T_drude_nS2_deph_seed_7.json
drude_nS2_deph__seed_8,8,drude_nS2_deph,drude,3.0,2,1,12,0.2,50.0,0.02,0.5,20,1.0000000000000004,1.0000000000000004,1.0,C:\Users\axioma338\Documents\Теория всего\Черные дыры\Алгербра\Репозиторий\near-extremal-threshold\figures\qnm_markov_gap\drude_nS2_deph\gap_vs_T_drude_nS2_deph_seed_8.csv,C:\Users\axioma338\Documents\Теория всего\Черные дыры\Алгербра\Репозиторий\near-extremal-threshold\figures\qnm_markov_gap\drude_nS2_deph\gap_vs_T_drude_nS2_deph_seed_8.png,C:\Users\axioma338\Documents\Теория всего\Черные дыры\Алгербра\Репозиторий\near-extremal-threshold\figures\qnm_markov_gap\drude_nS2_deph\gap_vs_T_drude_nS2_deph_seed_8.json
drude_nS2_deph__seed_9,9,drude_nS2_deph,drude,3.0,2,1,12,0.2,50.0,0.02,0.5,20,1.0000000000000004,1.0000000000000004,1.0,C:\Users\axioma338\Documents\Теория всего\Черные дыры\Алгербра\Репозиторий\near-extremal-threshold\figures\qnm_markov_gap\drude_nS2_deph\gap_vs_T_drude_nS2_deph_seed_9.csv,C:\Users\axioma338\Documents\Теория всего\Черные дыры\Алгербра\Репозиторий\near-extremal-threshold\figures\qnm_markov_gap\drude_nS2_deph\gap_vs_T_drude_nS2_deph_seed_9.png,C:\Users\axioma338\Documents\Теория всего\Черные дыры\Алгербра\Репозиторий\near-extremal-threshold\figures\qnm_markov_gap\drude_nS2_deph\gap_vs_T_drude_nS2_deph_seed_9.json
drude_nS2_deph__seed_10,10,drude_nS2_deph,drude,3.0,2,1,12,0.2,50.0,0.02,0.5,20,1.0000000000000004,1.0000000000000004,1.0,C:\Users\axioma338\Documents\Теория всего\Черные дыры\Алгербра\Репозиторий\near-extremal-threshold\figures\qnm_markov_gap\drude_nS2_deph\gap_vs_T_drude_nS2_deph_seed_10.csv,C:\Users\axioma338\Documents\Теория всего\Черные дыры\Алгербра\Репозиторий\near-extremal-threshold\figures\qnm_markov_gap\drude_nS2_deph\gap_vs_T_drude_nS2_deph_seed_10.png,C:\Users\axioma338\Documents\Теория всего\Черные дыры\Алгербра\Репозиторий\near-extremal-threshold\figures\qnm_markov_gap\drude_nS2_deph\gap_vs_T_drude_nS2_deph_seed_10.json
ohmic_nS1__seed_1,1,ohmic_nS1,ohmic,3.0,1,0,12,0.2,50.0,0.02,0.5,20,0.9976394496947611,0.9976394496947611,0.9999990198991544,C:\Users\axioma338\Documents\Теория всего\Черные дыры\Алгербра\Репозиторий\near-extremal-threshold\figures\qnm_markov_gap\ohmic_nS1\gap_vs_T_ohmic_nS1_seed_1.csv,C:\Users\axioma338\Documents\Теория всего\Черные дыры\Алгербра\Репозиторий\near-extremal-threshold\figures\qnm_markov_gap\ohmic_nS1\gap_vs_T_ohmic_nS1_seed_1.png,C:\Users\axioma338\Documents\Теория всего\Черные дыры\Алгербра\Репозиторий\near-extremal-threshold\figures\qnm_markov_gap\ohmic_nS1\gap_vs_T_ohmic_nS1_seed_1.json
ohmic_nS2_deph__seed_1,1,ohmic_nS2_deph,ohmic,3.0,2,1,12,0.2,50.0,0.02,0.5,20,1.0000000000000002,1.0000000000000002,1.0,C:\Users\axioma338\Documents\Теория всего\Черные дыры\Алгербра\Репозиторий\near-extremal-threshold\figures\qnm_markov_gap\ohmic_nS2_deph\gap_vs_T_ohmic_nS2_deph_seed_1.csv,C:\Users\axioma338\Documents\Теория всего\Черные дыры\Алгербра\Репозиторий\near-extremal-threshold\figures\qnm_markov_gap\ohmic_nS2_deph\gap_vs_T_ohmic_nS2_deph_seed_1.png,C:\Users\axioma338\Documents\Теория всего\Черные дыры\Алгербра\Репозиторий\near-extremal-threshold\figures\qnm_markov_gap\ohmic_nS2_deph\gap_vs_T_ohmic_nS2_deph_seed_1.json
ohmic_nS2_deph__seed_2,2,ohmic_nS2_deph,ohmic,3.0,2,1,12,0.2,50.0,0.02,0.5,20,1.0000000000000004,1.0000000000000004,1.0,C:\Users\axioma338\Documents\Теория всего\Черные дыры\Алгербра\Репозиторий\near-extremal-threshold\figures\qnm_markov_gap\ohmic_nS2_deph\gap_vs_T_ohmic_nS2_deph_seed_2.csv,C:\Users\axioma338\Documents\Теория всего\Черные дыры\Алгербра\Репозиторий\near-extremal-threshold\figures\qnm_markov_gap\ohmic_nS2_deph\gap_vs_T_ohmic_nS2_deph_seed_2.png,C:\Users\axioma338\Documents\Теория всего\Черные дыры\Алгербра\Репозиторий\near-extremal-threshold\figures\qnm_markov_gap\ohmic_nS2_deph\gap_vs_T_ohmic_nS2_deph_seed_2.json
ohmic_nS2_deph__seed_3,3,ohmic_nS2_deph,ohmic,3.0,2,1,12,0.2,50.0,0.02,0.5,20,1.000000000000001,1.000000000000001,1.0,C:\Users\axioma338\Documents\Теория всего\Черные дыры\Алгербра\Репозиторий\near-extremal-threshold\figures\qnm_markov_gap\ohmic_nS2_deph\gap_vs_T_ohmic_nS2_deph_seed_3.csv,C:\Users\axioma338\Documents\Теория всего\Черные дыры\Алгербра\Репозиторий\near-extremal-threshold\figures\qnm_markov_gap\ohmic_nS2_deph\gap_vs_T_ohmic_nS2_deph_seed_3.png,C:\Users\axioma338\Documents\Теория всего\Черные дыры\Алгербра\Репозиторий\near-extremal-threshold\figures\qnm_markov_gap\ohmic_nS2_deph\gap_vs_T_ohmic_nS2_deph_seed_3.json
ohmic_nS2_deph__seed_4,4,ohmic_nS2_deph,ohmic,3.0,2,1,12,0.2,50.0,0.02,0.5,20,1.0000000000000013,1.0000000000000013,1.0,C:\Users\axioma338\Documents\Теория всего\Черные дыры\Алгербра\Репозиторий\near-extremal-threshold\figures\qnm_markov_gap\ohmic_nS2_deph\gap_vs_T_ohmic_nS2_deph_seed_4.csv,C:\Users\axioma338\Documents\Теория всего\Черные дыры\Алгербра\Репозиторий\near-extremal-threshold\figures\qnm_markov_gap\ohmic_nS2_deph\gap_vs_T_ohmic_nS2_deph_seed_4.png,C:\Users\axioma338\Documents\Теория всего\Черные дыры\Алгербра\Репозиторий\near-extremal-threshold\figures\qnm_markov_gap\ohmic_nS2_deph\gap_vs_T_ohmic_nS2_deph_seed_4.json
ohmic_nS2_deph__seed_5,5,ohmic_nS2_deph,ohmic,3.0,2,1,12,0.2,50.0,0.02,0.5,20,1.0000000000000009,1.0000000000000009,1.0,C:\Users\axioma338\Documents\Теория всего\Черные дыры\Алгербра\Репозиторий\near-extremal-threshold\figures\qnm_markov_gap\ohmic_nS2_deph\gap_vs_T_ohmic_nS2_deph_seed_5.csv,C:\Users\axioma338\Documents\Теория всего\Черные дыры\Алгербра\Репозиторий\near-extremal-threshold\figures\qnm_markov_gap\ohmic_nS2_deph\gap_vs_T_ohmic_nS2_deph_seed_5.png,C:\Users\axioma338\Documents\Теория всего\Черные дыры\Алгербра\Репозиторий\near-extremal-threshold\figures\qnm_markov_gap\ohmic_nS2_deph\gap_vs_T_ohmic_nS2_deph_seed_5.json
ohmic_nS2_deph__seed_6,6,ohmic_nS2_deph,ohmic,3.0,2,1,12,0.2,50.0,0.02,0.5,20,1.0000000000000009,1.0000000000000009,1.0,C:\Users\axioma338\Documents\Теория всего\Черные дыры\Алгербра\Репозиторий\near-extremal-threshold\figures\qnm_markov_gap\ohmic_nS2_deph\gap_vs_T_ohmic_nS2_deph_seed_6.csv,C:\Users\axioma338\Documents\Теория всего\Черные дыры\Алгербра\Репозиторий\near-extremal-threshold\figures\qnm_markov_gap\ohmic_nS2_deph\gap_vs_T_ohmic_nS2_deph_seed_6.png,C:\Users\axioma338\Documents\Теория всего\Черные дыры\Алгербра\Репозиторий\near-extremal-threshold\figures\qnm_markov_gap\ohmic_nS2_deph\gap_vs_T_ohmic_nS2_deph_seed_6.json
ohmic_nS2_deph__seed_7,7,ohmic_nS2_deph,ohmic,3.0,2,1,12,0.2,50.0,0.02,0.5,20,1.0000000000000013,1.0000000000000013,1.0,C:\Users\axioma338\Documents\Теория всего\Черные дыры\Алгербра\Репозиторий\near-extremal-threshold\figures\qnm_markov_gap\ohmic_nS2_deph\gap_vs_T_ohmic_nS2_deph_seed_7.csv,C:\Users\axioma338\Documents\Теория всего\Черные дыры\Алгербра\Репозиторий\near-extremal-threshold\figures\qnm_markov_gap\ohmic_nS2_deph\gap_vs_T_ohmic_nS2_deph_seed_7.png,C:\Users\axioma338\Documents\Теория всего\Черные дыры\Алгербра\Репозиторий\near-extremal-threshold\figures\qnm_markov_gap\ohmic_nS2_deph\gap_vs_T_ohmic_nS2_deph_seed_7.json
ohmic_nS2_deph__seed_8,8,ohmic_nS2_deph,ohmic,3.0,2,1,12,0.2,50.0,0.02,0.5,20,1.0000000000000004,1.0000000000000004,1.0,C:\Users\axioma338\Documents\Теория всего\Черные дыры\Алгербра\Репозиторий\near-extremal-threshold\figures\qnm_markov_gap\ohmic_nS2_deph\gap_vs_T_ohmic_nS2_deph_seed_8.csv,C:\Users\axioma338\Documents\Теория всего\Черные дыры\Алгербра\Репозиторий\near-extremal-threshold\figures\qnm_markov_gap\ohmic_nS2_deph\gap_vs_T_ohmic_nS2_deph_seed_8.png,C:\Users\axioma338\Documents\Теория всего\Черные дыры\Алгербра\Репозиторий\near-extremal-threshold\figures\qnm_markov_gap\ohmic_nS2_deph\gap_vs_T_ohmic_nS2_deph_seed_8.json
ohmic_nS2_deph__seed_9,9,ohmic_nS2_deph,ohmic,3.0,2,1,12,0.2,50.0,0.02,0.5,20,1.0000000000000004,1.0000000000000004,1.0,C:\Users\axioma338\Documents\Теория всего\Черные дыры\Алгербра\Репозиторий\near-extremal-threshold\figures\qnm_markov_gap\ohmic_nS2_deph\gap_vs_T_ohmic_nS2_deph_seed_9.csv,C:\Users\axioma338\Documents\Теория всего\Черные дыры\Алгербра\Репозиторий\near-extremal-threshold\figures\qnm_markov_gap\ohmic_nS2_deph\gap_vs_T_ohmic_nS2_deph_seed_9.png,C:\Users\axioma338\Documents\Теория всего\Черные дыры\Алгербра\Репозиторий\near-extremal-threshold\figures\qnm_markov_gap\ohmic_nS2_deph\gap_vs_T_ohmic_nS2_deph_seed_9.json
ohmic_nS2_deph__seed_10,10,ohmic_nS2_deph,ohmic,3.0,2,1,12,0.2,50.0,0.02,0.5,20,1.0000000000000004,1.0000000000000004,1.0,C:\Users\axioma338\Documents\Теория всего\Черные дыры\Алгербра\Репозиторий\near-extremal-threshold\figures\qnm_markov_gap\ohmic_nS2_deph\gap_vs_T_ohmic_nS2_deph_seed_10.csv,C:\Users\axioma338\Documents\Теория всего\Черные дыры\Алгербра\Репозиторий\near-extremal-threshold\figures\qnm_markov_gap\ohmic_nS2_deph\gap_vs_T_ohmic_nS2_deph_seed_10.png,C:\Users\axioma338\Documents\Теория всего\Черные дыры\Алгербра\Репозиторий\near-extremal-threshold\figures\qnm_markov_gap\ohmic_nS2_deph\gap_vs_T_ohmic_nS2_deph_seed_10.json
super_p3_nS2_deph__seed_1,1,super_p3_nS2_deph,super,3.0,2,1,12,0.2,50.0,0.02,0.5,20,3.000000000000002,3.000000000000002,1.0,C:\Users\axioma338\Documents\Теория всего\Черные дыры\Алгербра\Репозиторий\near-extremal-threshold\figures\qnm_markov_gap\super_p3_nS2_deph\gap_vs_T_super_p3_nS2_deph_seed_1.csv,C:\Users\axioma338\Documents\Теория всего\Черные дыры\Алгербра\Репозиторий\near-extremal-threshold\figures\qnm_markov_gap\super_p3_nS2_deph\gap_vs_T_super_p3_nS2_deph_seed_1.png,C:\Users\axioma338\Documents\Теория всего\Черные дыры\Алгербра\Репозиторий\near-extremal-threshold\figures\qnm_markov_gap\super_p3_nS2_deph\gap_vs_T_super_p3_nS2_deph_seed_1.json
super_p3_nS2_deph__seed_2,2,super_p3_nS2_deph,super,3.0,2,1,12,0.2,50.0,0.02,0.5,20,3.0000000000000036,3.0000000000000036,1.0,C:\Users\axioma338\Documents\Теория всего\Черные дыры\Алгербра\Репозиторий\near-extremal-threshold\figures\qnm_markov_gap\super_p3_nS2_deph\gap_vs_T_super_p3_nS2_deph_seed_2.csv,C:\Users\axioma338\Documents\Теория всего\Черные дыры\Алгербра\Репозиторий\near-extremal-threshold\figures\qnm_markov_gap\super_p3_nS2_deph\gap_vs_T_super_p3_nS2_deph_seed_2.png,C:\Users\axioma338\Documents\Теория всего\Черные дыры\Алгербра\Репозиторий\near-extremal-threshold\figures\qnm_markov_gap\super_p3_nS2_deph\gap_vs_T_super_p3_nS2_deph_seed_2.json
super_p3_nS2_deph__seed_3,3,super_p3_nS2_deph,super,3.0,2,1,12,0.2,50.0,0.02,0.5,20,3.0000000000000018,3.0000000000000018,1.0,C:\Users\axioma338\Documents\Теория всего\Черные дыры\Алгербра\Репозиторий\near-extremal-threshold\figures\qnm_markov_gap\super_p3_nS2_deph\gap_vs_T_super_p3_nS2_deph_seed_3.csv,C:\Users\axioma338\Documents\Теория всего\Черные дыры\Алгербра\Репозиторий\near-extremal-threshold\figures\qnm_markov_gap\super_p3_nS2_deph\gap_vs_T_super_p3_nS2_deph_seed_3.png,C:\Users\axioma338\Documents\Теория всего\Черные дыры\Алгербра\Репозиторий\near-extremal-threshold\figures\qnm_markov_gap\super_p3_nS2_deph\gap_vs_T_super_p3_nS2_deph_seed_3.json
super_p3_nS2_deph__seed_4,4,super_p3_nS2_deph,super,3.0,2,1,12,0.2,50.0,0.02,0.5,20,3.0000000000000027,3.0000000000000027,1.0,C:\Users\axioma338\Documents\Теория всего\Черные дыры\Алгербра\Репозиторий\near-extremal-threshold\figures\qnm_markov_gap\super_p3_nS2_deph\gap_vs_T_super_p3_nS2_deph_seed_4.csv,C:\Users\axioma338\Documents\Теория всего\Черные дыры\Алгербра\Репозиторий\near-extremal-threshold\figures\qnm_markov_gap\super_p3_nS2_deph\gap_vs_T_super_p3_nS2_deph_seed_4.png,C:\Users\axioma338\Documents\Теория всего\Черные дыры\Алгербра\Репозиторий\near-extremal-threshold\figures\qnm_markov_gap\super_p3_nS2_deph\gap_vs_T_super_p3_nS2_deph_seed_4.json
super_p3_nS2_deph__seed_5,5,super_p3_nS2_deph,super,3.0,2,1,12,0.2,50.0,0.02,0.5,20,3.0000000000000018,3.0000000000000018,1.0,C:\Users\axioma338\Documents\Теория всего\Черные дыры\Алгербра\Репозиторий\near-extremal-threshold\figures\qnm_markov_gap\super_p3_nS2_deph\gap_vs_T_super_p3_nS2_deph_seed_5.csv,C:\Users\axioma338\Documents\Теория всего\Черные дыры\Алгербра\Репозиторий\near-extremal-threshold\figures\qnm_markov_gap\super_p3_nS2_deph\gap_vs_T_super_p3_nS2_deph_seed_5.png,C:\Users\axioma338\Documents\Теория всего\Черные дыры\Алгербра\Репозиторий\near-extremal-threshold\figures\qnm_markov_gap\super_p3_nS2_deph\gap_vs_T_super_p3_nS2_deph_seed_5.json
super_p3_nS2_deph__seed_6,6,super_p3_nS2_deph,super,3.0,2,1,12,0.2,50.0,0.02,0.5,20,3.0000000000000018,3.0000000000000018,1.0,C:\Users\axioma338\Documents\Теория всего\Черные дыры\Алгербра\Репозиторий\near-extremal-threshold\figures\qnm_markov_gap\super_p3_nS2_deph\gap_vs_T_super_p3_nS2_deph_seed_6.csv,C:\Users\axioma338\Documents\Теория всего\Черные дыры\Алгербра\Репозиторий\near-extremal-threshold\figures\qnm_markov_gap\super_p3_nS2_deph\gap_vs_T_super_p3_nS2_deph_seed_6.png,C:\Users\axioma338\Documents\Теория всего\Черные дыры\Алгербра\Репозиторий\near-extremal-threshold\figures\qnm_markov_gap\super_p3_nS2_deph\gap_vs_T_super_p3_nS2_deph_seed_6.json
super_p3_nS2_deph__seed_7,7,super_p3_nS2_deph,super,3.0,2,1,12,0.2,50.0,0.02,0.5,20,3.0000000000000036,3.0000000000000036,1.0,C:\Users\axioma338\Documents\Теория всего\Черные дыры\Алгербра\Репозиторий\near-extremal-threshold\figures\qnm_markov_gap\super_p3_nS2_deph\gap_vs_T_super_p3_nS2_deph_seed_7.csv,C:\Users\axioma338\Documents\Теория всего\Черные дыры\Алгербра\Репозиторий\near-extremal-threshold\figures\qnm_markov_gap\super_p3_nS2_deph\gap_vs_T_super_p3_nS2_deph_seed_7.png,C:\Users\axioma338\Documents\Теория всего\Черные дыры\Алгербра\Репозиторий\near-extremal-threshold\figures\qnm_markov_gap\super_p3_nS2_deph\gap_vs_T_super_p3_nS2_deph_seed_7.json
super_p3_nS2_deph__seed_8,8,super_p3_nS2_deph,super,3.0,2,1,12,0.2,50.0,0.02,0.5,20,3.000000000000002,3.000000000000002,1.0,C:\Users\axioma338\Documents\Теория всего\Черные дыры\Алгербра\Репозиторий\near-extremal-threshold\figures\qnm_markov_gap\super_p3_nS2_deph\gap_vs_T_super_p3_nS2_deph_seed_8.csv,C:\Users\axioma338\Documents\Теория всего\Черные дыры\Алгербра\Репозиторий\near-extremal-threshold\figures\qnm_markov_gap\super_p3_nS2_deph\gap_vs_T_super_p3_nS2_deph_seed_8.png,C:\Users\axioma338\Documents\Теория всего\Черные дыры\Алгербра\Репозиторий\near-extremal-threshold\figures\qnm_markov_gap\super_p3_nS2_deph\gap_vs_T_super_p3_nS2_deph_seed_8.json
super_p3_nS2_deph__seed_9,9,super_p3_nS2_deph,super,3.0,2,1,12,0.2,50.0,0.02,0.5,20,3.0000000000000036,3.0000000000000036,1.0,C:\Users\axioma338\Documents\Теория всего\Черные дыры\Алгербра\Репозиторий\near-extremal-threshold\figures\qnm_markov_gap\super_p3_nS2_deph\gap_vs_T_super_p3_nS2_deph_seed_9.csv,C:\Users\axioma338\Documents\Теория всего\Черные дыры\Алгербра\Репозиторий\near-extremal-threshold\figures\qnm_markov_gap\super_p3_nS2_deph\gap_vs_T_super_p3_nS2_deph_seed_9.png,C:\Users\axioma338\Documents\Теория всего\Черные дыры\Алгербра\Репозиторий\near-extremal-threshold\figures\qnm_markov_gap\super_p3_nS2_deph\gap_vs_T_super_p3_nS2_deph_seed_9.json
super_p3_nS2_deph__seed_10,10,super_p3_nS2_deph,super,3.0,2,1,12,0.2,50.0,0.02,0.5,20,3.000000000000002,3.000000000000002,1.0,C:\Users\axioma338\Documents\Теория всего\Черные дыры\Алгербра\Репозиторий\near-extremal-threshold\figures\qnm_markov_gap\super_p3_nS2_deph\gap_vs_T_super_p3_nS2_deph_seed_10.csv,C:\Users\axioma338\Documents\Теория всего\Черные дыры\Алгербра\Репозиторий\near-extremal-threshold\figures\qnm_markov_gap\super_p3_nS2_deph\gap_vs_T_super_p3_nS2_deph_seed_10.png,C:\Users\axioma338\Documents\Теория всего\Черные дыры\Алгербра\Репозиторий\near-extremal-threshold\figures\qnm_markov_gap\super_p3_nS2_deph\gap_vs_T_super_p3_nS2_deph_seed_10.json
